patient_id,albumin_g_dl
44,
29,3.0
35,4.5
7,5.0
26,4.3
31,5.5
11,4.0
27,4.7
49,10.0
48,
55,4.0
24,4.5
42,5.0
1,1.0
50,4.3
54,3.1
9,4.7
36,4.5
21,3.0
17,3.5
19,3.1
10,3.1
18,3.1
13,4.2
56,4.5
38,4.7
39,
57,10.0
3,10.0
40,
30,4.5
20,5.5
47,4.2
41,3.5
4,3.1
5,3.1
8,4.5
33,5.5
37,10.0
53,10.0
6,5.0
43,4.5
45,4.2
25,3.8
22,4.2
52,3.0
32,10.0
